{"_step":9,"rew_bird_knee_posture":0,"episode_reward_mean":0.009024249913636595,"value_loss":0.0011048400847357698,"surrogate_loss":0.0051344284365768544,"_wandb":{"runtime":178},"episode_length_mean":4096,"_timestamp":1.7537110808194208e+09,"metrics_plot":{"sha256":"d1a14eb98cddaf665ae21edcde0fe04565fab30de45b2b363acd23731502ab87","size":87246,"path":"media/images/metrics_plot_0_d1a14eb98cddaf665ae2.png","format":"png","width":1600,"height":1200,"_type":"image-file"},"rew_survive":0,"_runtime":178.84365287,"rew_flat_feet":0,"rew_penalize_hip_aa":0,"action_noise_std":1.0721566677093506}