{"rew_symmetry":0.13190453412632147,"rew_foot_contact_switch":0.0006805241777328774,"rew_foot_contact_penalty":-0.036334947155167656,"rew_tracking_lin_vel":0,"rew_survive":0.023062500047187014,"episode_length_mean":16348.260416666666,"rew_lin_vel_z":0,"surrogate_loss":-1.6940223758865613e-05,"_wandb":{"runtime":305},"rew_step_height_consistency":0.020642086149503785,"rew_bird_leg_knee_pose":-0.007724909352449079,"rew_penalize_ankle_height":-0.013268391337866586,"rew_posture_stability":0.38439245422681173,"rew_knee_hyperextension":0.0014747789876613144,"_runtime":305.105467834,"_timestamp":1.7535561860152683e+09,"rew_leg_symmetry":-0.006377796262192229,"rew_action_rate":0,"_step":38,"rew_gait_phase":0.05738777425140142,"action_noise_std":0.7307707667350769,"rew_yaw_stability":-0.16990493809183438,"rew_lateral_drift_penalty":-0.05241787688185772,"rew_gait_phased_leg_control":0,"rew_similar_to_default":0,"rew_energy_penalty":-0.13800707099338372,"rew_tracking_ang_vel":0,"rew_flat_feet":-0.0006173109771528592,"metrics_plot":{"width":1600,"height":1200,"_type":"image-file","sha256":"4fe2695d3f6ce603a80700ab5416172c43f146c2ef58980d3503f421c8482a44","size":110982,"path":"media/images/metrics_plot_0_4fe2695d3f6ce603a807.png","format":"png"},"episode_reward_mean":0.051618623663671315,"rew_orientation_stability":0,"rew_foot_contact_phase_based":0.05145246013998985,"rew_base_height":-0.004518232199673852,"value_loss":0.04612149728927761,"rew_forward_velocity":0.4874422130485376}