{"knee_extension_at_push":0,"_runtime":506.330530685,"surrogate_loss":-0.0026440225328769884,"metrics_plot":{"format":"png","width":2000,"height":800,"_type":"image-file","sha256":"c499617ef5577f967288a8e00b70c1892f2c3c3ba378b2e01b8cce6a0620979d","size":76446,"path":"media/images/metrics_plot_0_c499617ef5577f967288.png"},"forward_torso_pitch":0,"episode_length_mean":1024,"episode_reward_mean":0.007113992513041012,"energy_penalty":0,"_step":99,"foot_swing_clearance":0,"_timestamp":1.753722313765985e+09,"value_loss":0.000756562561946339,"_wandb":{"runtime":506},"action_noise_std":1.2462255954742432,"periodic_gait":0}