{"_step":19,"action_noise_std":0.8636061549186707,"rew_base_height":-0.0020829497002220402,"rew_tracking_ang_vel":0,"rew_survive":0.007994985332091649,"rew_lin_vel_z":0,"rew_similar_to_default":0,"rew_posture_stability":0.12428041435778141,"rew_forward_velocity":0.19789533602694673,"rew_flat_feet":0.008494698069989681,"rew_lateral_drift_penalty":-0.015636987891048195,"rew_foot_contact_penalty":-0.02122841072268784,"rew_penalize_ankle_height":-0.004721035086549819,"metrics_plot":{"size":112240,"path":"media/images/metrics_plot_0_8f0e6f0b98c3e4e4a6a9.png","format":"png","width":1600,"height":1200,"_type":"image-file","sha256":"8f0e6f0b98c3e4e4a6a9dd56340318dc73732fcf9d0766d7fd5fc83fb9ec843b"},"_wandb":{"runtime":163},"rew_leg_symmetry":-0.0002430730348957392,"rew_symmetry":0.04697577428693572,"rew_bird_leg_knee_pose":-0.0026066215126775206,"_runtime":163.061234438,"rew_gait_phase":0.019380419716859856,"surrogate_loss":-0.0022722959579368762,"rew_gait_phased_leg_control":0,"episode_length_mean":16235.697916666666,"value_loss":0.08319912804290652,"rew_foot_contact_switch":7.133108192647342e-05,"rew_yaw_stability":-0.08580883791049321,"rew_energy_penalty":-0.06296171930929025,"rew_step_height_consistency":0.007851743154848614,"_timestamp":1.753557729044473e+09,"rew_orientation_stability":0,"rew_foot_contact_phase_based":0.014738224493339657,"rew_tracking_lin_vel":0,"rew_action_rate":0,"episode_reward_mean":0.04472312816263487,"rew_knee_hyperextension":0.0010330824472475797}