{"surrogate_loss":-0.004795581415237393,"episode_length_mean":16234.84375,"rew_lin_vel_z":0,"action_noise_std":0.8623590469360352,"_step":19,"_wandb":{"runtime":159},"_runtime":159.904488319,"_timestamp":1.753553656016617e+09,"value_loss":0.0812506633810699,"rew_orientation_stability":0,"metrics_plot":{"path":"media/images/metrics_plot_0_e781a703c1a52a4e0dd0.png","format":"png","width":1600,"height":1200,"_type":"image-file","sha256":"e781a703c1a52a4e0dd071e2ed4d5d2c2439c60458bab87a520b2f4aeb34b5f5","size":105351},"rew_base_height":0,"rew_tracking_ang_vel":0,"rew_tracking_lin_vel":0,"rew_action_rate":0,"rew_survive":0,"episode_reward_mean":0.04553396215972801,"rew_similar_to_default":0}