{"_step":99,"base_height":0.00037182162729247165,"action_noise_std":1.7897706031799316,"lateral_drift_penalty":0.19246315862983465,"energy_penalty":0.002472883873754957,"survive":0.10000000149011612,"metrics_plot":{"format":"png","width":2400,"height":1200,"_type":"image-file","sha256":"1fdde284781d26ea92d8ab5e4615d9133fca4a8ceaab6ecd7f693aac6bb7a4ef","size":139990,"path":"media/images/metrics_plot_0_1fdde284781d26ea92d8.png"},"foot_swing_clearance":0.0012855902956895686,"orientation_stability":0.28115503148486215,"hip_abduction_penalty":0.00015362889359948895,"_wandb":{"runtime":529},"episode_length_mean":1024,"episode_reward_mean":1.493042066693306,"value_loss":91.90923833847046,"knee_extension_at_push":0.08823332275884847,"forward_torso_pitch":0.03824827296193689,"tracking_ang_vel":0.4732006036986907,"_timestamp":1.7537286828119671e+09,"periodic_gait":0.16872660319010416,"_runtime":529.336808468,"surrogate_loss":-0.02029042262438452,"bird_hip_phase":0.011502439815861484,"fall_penalty":0,"tracking_lin_vel":0.13522871940707168}