{"action_noise_std":1.1099797487258911,"_timestamp":1.7537033695893836e+09,"_runtime":56.666209998,"episode_length_mean":-32768,"_step":3,"surrogate_loss":0.0010522730358388799,"metrics_plot":{"sha256":"9258c05445a1cf7f3cd5c858d08597ec8d1273408fd070b2e4637ca90850f630","size":79763,"path":"media/images/metrics_plot_0_9258c05445a1cf7f3cd5.png","format":"png","width":1600,"height":1200,"_type":"image-file"},"episode_reward_mean":-3.2415954247117043,"value_loss":0.008597020841989433,"rew_penalize_hip_aa":0,"rew_survive":0,"rew_bird_knee_posture":0,"_wandb":{"runtime":56},"rew_flat_feet":0}