{"episode_reward_mean":-0.010787189520973092,"rew_similar_to_default":0,"rew_symmetry":0.02629537287478646,"_timestamp":1.7535585989965115e+09,"rew_forward_velocity":0.016081999909753602,"rew_bird_leg_knee_pose":-0.0016692504354674988,"episode_length_mean":16117.96875,"metrics_plot":{"_type":"image-file","sha256":"52b1f9746562dae5da01a63f668eb6c21f1558aa99d4197a3bfa8c74acd5d611","size":110908,"path":"media/images/metrics_plot_0_52b1f9746562dae5da01.png","format":"png","width":1600,"height":1200},"rew_base_height":-0.0008677840000018478,"rew_gait_phased_leg_control":0,"rew_orientation_stability":0,"rew_survive":0.0045908987871371215,"rew_foot_contact_switch":2.8566847959154984e-05,"rew_lin_vel_z":0,"value_loss":0.03717347583733499,"_step":2,"rew_knee_hyperextension":0.000308287572018647,"rew_foot_contact_penalty":-0.01850357282285889,"rew_yaw_stability":-0.0951989067097505,"rew_leg_symmetry":-0.00020197847188683227,"rew_posture_stability":0.05474381732443968,"rew_gait_phase":0.012032283446751535,"action_noise_std":0.9470435976982117,"rew_flat_feet":0.008689829357899725,"rew_energy_penalty":-0.04366699342305461,"rew_lateral_drift_penalty":-0.005708578562674424,"rew_penalize_ankle_height":-0.0029818871640600263,"rew_tracking_lin_vel":0,"rew_step_height_consistency":0.004213776905089617,"_runtime":65.132845532,"rew_action_rate":0,"rew_foot_contact_phase_based":0.005705015338025987,"surrogate_loss":-0.008855291370764462,"_wandb":{"runtime":65},"rew_tracking_ang_vel":0}