{"value_loss":0.000677664076192741,"_wandb":{"runtime":86},"metrics_plot":{"height":1200,"_type":"image-file","sha256":"4e61674a6f65f786d2dae98cc5434405e6717caaa8cfdb9dd0d70c847eb7d79f","size":87397,"path":"media/images/metrics_plot_0_4e61674a6f65f786d2da.png","format":"png","width":1600},"action_noise_std":1.223141074180603,"episode_reward_mean":0.024218754027970135,"rew_bird_knee_posture":0,"episode_length_mean":4096,"_step":9,"_timestamp":1.7537113457409127e+09,"rew_survive":0,"_runtime":86.941977919,"surrogate_loss":-0.0033064746457966976,"rew_flat_feet":0,"rew_penalize_hip_aa":0}