{"value_loss":2.9849069215365886e-12,"rew_survive":0,"rew_penalize_hip_aa":0,"_runtime":55.953261084,"rew_flat_feet":0,"_timestamp":1.7537020486393063e+09,"episode_length_mean":-32768,"_wandb":{"runtime":55},"episode_reward_mean":0.0015000001294538379,"surrogate_loss":0.0010650334450019727,"rew_bird_knee_posture":0,"action_noise_std":1.14794921875,"metrics_plot":{"format":"png","width":1600,"height":1200,"_type":"image-file","sha256":"37a6072b4b9db826f7a0384be56d7ec302f2b49d30bc37907e297c97d55d8f12","size":87777,"path":"media/images/metrics_plot_0_37a6072b4b9db826f7a0.png"},"_step":3}