{"episode_reward_mean":0.03537338060171654,"metrics_plot":{"_type":"image-file","sha256":"e783e27a80a0ff2d6457030e59e94fa449d95e36caa87476f4c6a263af52c0db","size":110635,"path":"media/images/metrics_plot_0_e783e27a80a0ff2d6457.png","format":"png","width":1600,"height":1200},"rew_yaw_stability":-0.1016305636614561,"rew_knee_hyperextension":0,"rew_gait_phase":0.039159614220261575,"rew_energy_penalty":-0.08884200577934583,"_runtime":306.125721609,"rew_base_height":-0.06097654700279235,"rew_posture_stability":0.25771748274564743,"rew_bird_knee_posture":-0.01427703001536429,"episode_length_mean":16314,"action_noise_std":0.6630054712295532,"surrogate_loss":-0.000632565009254904,"rew_tracking_lin_vel":0,"rew_lin_vel_z":0,"rew_flat_feet":0.0027382862831776336,"rew_penalize_hip_aa":-0.048689973230163254,"rew_lateral_drift_penalty":-0.05093299544726809,"rew_penalize_ankle_height":-0.009309707512147726,"rew_orientation_stability":0,"rew_foot_contact_penalty":-0.03583751789604624,"rew_forward_velocity":0.313931480050087,"rew_similar_to_default":0,"rew_step_height_consistency":0.014762935849527517,"rew_survive":0.015885823452845216,"_timestamp":1.7535704978334281e+09,"rew_foot_contact_switch":7.959023178045754e-05,"rew_action_rate":0,"rew_foot_contact_phase_based":0.03468681266531348,"rew_symmetry":0.09117813700189192,"rew_tracking_ang_vel":0,"value_loss":0.04591007938142866,"_step":38,"_wandb":{"runtime":306},"rew_gait_phased_leg_control":0}