{"rew_posture_stability":0.056039180047810076,"rew_knee_hyperextension":0.00039835897550801743,"rew_gait_phase":0.012195067356030147,"surrogate_loss":-0.00941149524442153,"rew_lateral_drift_penalty":-0.005474778334610165,"_runtime":65.189351767,"rew_forward_velocity":0.01574503562102715,"metrics_plot":{"_type":"image-file","sha256":"ba584fadc573ce7a5ed932526504e655d39179cca459caafad09c632b0e6bad7","size":112602,"path":"media/images/metrics_plot_0_ba584fadc573ce7a5ed9.png","format":"png","width":1600,"height":1200},"rew_gait_phased_leg_control":0,"rew_tracking_lin_vel":0,"value_loss":0.03710082673933357,"rew_energy_penalty":-0.04513097380598386,"rew_tracking_ang_vel":0,"episode_length_mean":16126.6875,"rew_lin_vel_z":0,"rew_similar_to_default":0,"episode_reward_mean":-0.010675255199506259,"rew_base_height":-0.0007559539129336675,"_step":2,"rew_action_rate":0,"rew_survive":0.004759722583306332,"rew_step_height_consistency":0.004322028486058116,"rew_foot_contact_switch":4.2231232873746195e-05,"rew_flat_feet":0.008375743799842893,"_timestamp":1.753558914669167e+09,"rew_symmetry":0.02723715448131164,"rew_foot_contact_phase_based":0.006107693406132361,"rew_yaw_stability":-0.09796893193076055,"rew_bird_leg_knee_pose":-0.0019153165359360475,"rew_leg_symmetry":-0.00019348409550730143,"_wandb":{"runtime":65},"rew_orientation_stability":0,"rew_penalize_ankle_height":-0.003071764295843119,"rew_foot_contact_penalty":-0.018247297235454124,"action_noise_std":0.9458260536193848}