{"value_loss":0.09472751244902611,"action_noise_std":0.8676342964172363,"rew_tracking_ang_vel":0,"rew_tracking_lin_vel":0,"rew_action_rate":0,"surrogate_loss":-0.005116220549098216,"rew_base_height":-0.0017328984637667115,"_wandb":{"runtime":158},"rew_survive":0.008177658535229664,"episode_reward_mean":0.04452187587351849,"rew_lin_vel_z":0,"rew_orientation_stability":0,"episode_length_mean":16240.833333333334,"rew_similar_to_default":0,"_timestamp":1.753554467864418e+09,"metrics_plot":{"size":111719,"path":"media/images/metrics_plot_0_60de57760a5b7d23e3e8.png","format":"png","width":1600,"height":1200,"_type":"image-file","sha256":"60de57760a5b7d23e3e89a56badc24f4ebf18d914144bbc25cd8c27402fe38f1"},"_step":19,"_runtime":158.99620286}