{"value_loss":0.09404697804711759,"rew_penalize_ankle_height":-0.00487319650904586,"rew_base_height":-0.0018133375987720985,"_step":19,"rew_tracking_lin_vel":0,"rew_foot_contact_phase_based":0.015680522564798596,"rew_lin_vel_z":0,"rew_foot_contact_penalty":-0.021468338013316195,"rew_knee_hyperextension":0.0010125914549765488,"episode_reward_mean":0.0452794935942317,"rew_yaw_stability":-0.08823970636973778,"rew_energy_penalty":-0.0656395870571335,"action_noise_std":0.8602701425552368,"rew_gait_phased_leg_control":0,"rew_orientation_stability":0,"rew_leg_symmetry":-0.0002521655139086458,"rew_survive":0.008265289384871722,"_wandb":{"runtime":158},"rew_bird_leg_knee_pose":-0.0026196843187790367,"rew_action_rate":0,"rew_forward_velocity":0.20462038132051627,"surrogate_loss":-0.003619013687966799,"rew_posture_stability":0.13031877155105273,"rew_lateral_drift_penalty":-0.016115197896336513,"rew_tracking_ang_vel":0,"_runtime":158.922773728,"rew_step_height_consistency":0.008049407003757855,"metrics_plot":{"_type":"image-file","sha256":"69b01e09f1aba3887520f62456c18553cc5223e856fe6087711ab61acfcc7a4f","size":110621,"path":"media/images/metrics_plot_0_69b01e09f1aba3887520.png","format":"png","width":1600,"height":1200},"rew_gait_phase":0.020083908907448253,"rew_symmetry":0.04846087355787556,"_timestamp":1.7535549446852946e+09,"episode_length_mean":16241.375,"rew_foot_contact_switch":6.61288193744743e-05,"rew_flat_feet":0.008167434941666822,"rew_similar_to_default":0}