{"rew_foot_contact_penalty":-0.07133974650253853,"rew_gait_phase":0.05771461669355631,"metrics_plot":{"height":1200,"_type":"image-file","sha256":"3a8785778d42f798c7cefb3056e581310b444e1bbe78455010cc164a9327a01b","size":117327,"path":"media/images/metrics_plot_0_3a8785778d42f798c7ce.png","format":"png","width":1600},"rew_foot_contact_phase_based":0.0397977897276481,"rew_gait_phased_leg_control":0,"rew_penalize_ankle_height":-0.01410253649422278,"episode_length_mean":16341.46875,"rew_forward_velocity":0.481078040599823,"rew_symmetry":0.1338655776033799,"_runtime":308.319058331,"rew_step_height_consistency":0.021835724419603745,"rew_base_height":-0.004541067348327488,"rew_similar_to_default":0,"rew_flat_feet":0.0028199634961007785,"rew_tracking_ang_vel":0,"rew_penalize_hip_aa":-0.06561234910041093,"rew_knee_hyperextension":0,"rew_orientation_stability":0,"rew_yaw_stability":-0.16294673023124537,"rew_foot_contact_switch":0.00043958373717032365,"episode_reward_mean":0.04005923917672286,"rew_survive":0.023210197997589905,"rew_posture_stability":0.3938543130954107,"action_noise_std":0.7108829021453857,"_step":38,"surrogate_loss":0.00044760911350749666,"rew_leg_symmetry":-0.004998428587956975,"rew_tracking_lin_vel":0,"_timestamp":1.7535684125762665e+09,"rew_lin_vel_z":0,"rew_action_rate":0,"rew_lateral_drift_penalty":-0.09193796391288439,"rew_energy_penalty":-0.1384725272655487,"rew_bird_knee_posture":-0.011459333589300513,"value_loss":0.05827461392618716,"_wandb":{"runtime":308}}