{"surrogate_loss":0.0008556635414720404,"rew_action_rate":0,"rew_penalize_ankle_height":-0.016145102532270056,"rew_gait_phase":0.06918502021580934,"value_loss":0.0484164064982906,"rew_energy_penalty":-0.17890769417087238,"metrics_plot":{"sha256":"fc9d5723bb37bd927435d8e4798f4b09c723ddadffccd70a2e3352c0ea21587b","size":110848,"path":"media/images/metrics_plot_0_fc9d5723bb37bd927435.png","format":"png","width":1600,"height":1200,"_type":"image-file"},"rew_tracking_ang_vel":0,"rew_forward_velocity":0.5858532850941022,"rew_base_height":-0.004485978636269768,"_wandb":{"runtime":307},"_step":38,"rew_symmetry":0.15988187839587528,"rew_lin_vel_z":0,"rew_yaw_stability":-0.21580685476462047,"rew_step_height_consistency":0.025362813317527377,"rew_flat_feet":-0.001550371663536983,"rew_lateral_drift_penalty":-0.07800238362203042,"rew_similar_to_default":0,"rew_gait_phased_leg_control":0,"episode_reward_mean":0.05029150106323262,"rew_orientation_stability":0,"action_noise_std":0.7470228672027588,"rew_bird_leg_knee_pose":-0.0097041204959775,"rew_foot_contact_switch":0.0007283660403724449,"rew_tracking_lin_vel":0,"rew_leg_symmetry":-0.006140259214832138,"episode_length_mean":16358.385416666666,"_runtime":307.316854927,"_timestamp":1.7535568476128538e+09,"rew_posture_stability":0.4678620015581449,"rew_foot_contact_phase_based":0.061097118103255826,"rew_foot_contact_penalty":-0.051521671625475086,"rew_knee_hyperextension":0.0013154487125575543,"rew_survive":0.02796974944261213}