{"_step":99,"value_loss":0.0017379648870701203,"knee_extension_at_push":0,"energy_penalty":0,"episode_reward_mean":0.01702975429361686,"action_noise_std":1.7678985595703125,"_timestamp":1.753725822425939e+09,"_wandb":{"runtime":511},"episode_length_mean":1024,"_runtime":511.030718091,"forward_torso_pitch":0,"foot_swing_clearance":0,"periodic_gait":0,"surrogate_loss":-0.004199682017315354,"metrics_plot":{"format":"png","width":2000,"height":800,"_type":"image-file","sha256":"2292b2abd792ea5005c02562b6b655898c5f925acf4e761ec6ce551466762696","size":78696,"path":"media/images/metrics_plot_0_2292b2abd792ea5005c0.png"}}