{"_timestamp":1.7537250309522557e+09,"_runtime":530.410543058,"_wandb":{"runtime":530},"periodic_gait":0,"forward_torso_pitch":0,"_step":99,"episode_reward_mean":0.001943838907512448,"value_loss":0.0005316983833836275,"surrogate_loss":-0.004373390576802194,"action_noise_std":1.0807366371154785,"knee_extension_at_push":0,"energy_penalty":0,"metrics_plot":{"sha256":"4c0734bb9490dd69b96536f598b0adac38f882449e82f7f7817d8ba88a0f9abd","size":88242,"path":"media/images/metrics_plot_0_4c0734bb9490dd69b965.png","format":"png","width":2000,"height":800,"_type":"image-file"},"episode_length_mean":1024,"foot_swing_clearance":0}