{"action_noise_std":0.7354928851127625,"rew_penalize_ankle_height":-0.012245575276513895,"rew_lateral_drift_penalty":-0.055368962697684765,"rew_bird_leg_knee_pose":-0.006114537373650819,"rew_base_height":-0.003951728506945073,"rew_foot_contact_phase_based":0.046035836450755596,"rew_energy_penalty":-0.1324734091758728,"_step":38,"episode_length_mean":16327.072916666666,"rew_gait_phased_leg_control":0,"rew_foot_contact_switch":0.0005411273520924928,"rew_gait_phase":0.054193659344067176,"rew_step_height_consistency":0.019810552631194394,"rew_forward_velocity":0.4414087784787018,"rew_posture_stability":0.357379670192798,"rew_knee_hyperextension":0.002196169103262946,"rew_symmetry":0.12467595351239046,"rew_tracking_lin_vel":0,"rew_leg_symmetry":-0.00535866228165105,"rew_flat_feet":0.003106249603054797,"_wandb":{"runtime":305},"rew_survive":0.021355014573782683,"_timestamp":1.7535583403822155e+09,"rew_yaw_stability":-0.1626716406395038,"episode_reward_mean":0.04768755131711563,"_runtime":305.927771803,"value_loss":0.059152583009563386,"rew_tracking_ang_vel":0,"metrics_plot":{"_type":"image-file","sha256":"58baee519f2cd6cde8424cc70eda759fa0e62494043e2ec5f40c88e2468d4ec9","size":112734,"path":"media/images/metrics_plot_0_58baee519f2cd6cde842.png","format":"png","width":1600,"height":1200},"rew_similar_to_default":0,"rew_lin_vel_z":0,"rew_action_rate":0,"surrogate_loss":-0.0011891719884715712,"rew_foot_contact_penalty":-0.040460565810402235,"rew_orientation_stability":0}