{"_step":3,"_wandb":{"runtime":57},"rew_bird_knee_posture":0,"rew_penalize_hip_aa":0,"value_loss":1.495622536408503e-10,"rew_survive":0,"_timestamp":1.75370402711185e+09,"episode_length_mean":-32768,"surrogate_loss":0.0010122057433363807,"episode_reward_mean":0.02560063909428815,"metrics_plot":{"size":82232,"path":"media/images/metrics_plot_0_3469555b474767d50104.png","format":"png","width":1600,"height":1200,"_type":"image-file","sha256":"3469555b474767d50104461406449211123f940dacbeac231316f5dbcfa862f2"},"_runtime":57.721195362,"action_noise_std":1.1399052143096924,"rew_flat_feet":0}