{"rew_penalize_hip_aa":0,"_runtime":5666.607324181,"rew_bird_knee_posture":0,"episode_reward_mean":0.00837316273828037,"_step":999,"metrics_plot":{"width":1600,"height":1200,"_type":"image-file","sha256":"73194ae1cd38a65c31583281470b18410eeff502ac5950c5cdd0659d5b3ea57b","size":151459,"path":"media/images/metrics_plot_900_73194ae1cd38a65c3158.png","format":"png"},"_wandb":{"runtime":5666},"rew_flat_feet":0,"value_loss":0.00013549009190683137,"rew_survive":0,"action_noise_std":2.2219905853271484,"episode_length_mean":1024,"_timestamp":1.7537187304413528e+09,"surrogate_loss":0.00234761926549254}