{"_wandb":{"runtime":174},"rew_yaw_stability":-0.07381005355467397,"value_loss":0.0651830384740606,"rew_tracking_ang_vel":0,"rew_flat_feet":0.008211078688812753,"episode_length_mean":16217.927083333334,"rew_lin_vel_z":0,"rew_foot_contact_switch":6.0831581049569646e-05,"rew_orientation_stability":0,"_runtime":174.049604771,"episode_reward_mean":0.030165059918848176,"rew_knee_hyperextension":0,"rew_gait_phase":0.01755139397767683,"metrics_plot":{"width":1600,"height":1200,"_type":"image-file","sha256":"cfa88ab777b3ad92c7389359126214aee089168fbca91fbed85b5eeff01c8441","size":113205,"path":"media/images/metrics_plot_0_cfa88ab777b3ad92c738.png","format":"png"},"_timestamp":1.7535701759778812e+09,"rew_similar_to_default":0,"rew_survive":0.00719493810708324,"surrogate_loss":-0.002139819444892055,"rew_step_height_consistency":0.007110521802678704,"rew_base_height":-0.02610074013161162,"rew_foot_contact_phase_based":0.013005507364869119,"rew_penalize_ankle_height":-0.004194319457747043,"rew_leg_symmetry":-0.00019777568231802434,"rew_bird_knee_posture":-0.006553980296788116,"rew_energy_penalty":-0.05244182416548332,"rew_action_rate":0,"_step":19,"rew_forward_velocity":0.18341859579086303,"action_noise_std":0.8167011737823486,"rew_lateral_drift_penalty":-0.012201698722007373,"rew_foot_contact_penalty":-0.018854093582679827,"rew_penalize_hip_aa":-0.015366410929709673,"rew_gait_phased_leg_control":0,"rew_posture_stability":0.11288222347696623,"rew_tracking_lin_vel":0,"rew_symmetry":0.04267620546743275}