{"_step":99,"knee_extension_at_push":0.17138755600899458,"foot_swing_clearance":0.0002450435338990549,"periodic_gait":0.2945607503255208,"survive":0.10000000149011612,"metrics_plot":{"sha256":"b50b5ab66cfb7dd6d6428c37614e02f95872d180811e618a68a36328a3c14161","size":145511,"path":"media/images/metrics_plot_0_b50b5ab66cfb7dd6d642.png","format":"png","width":2400,"height":1200,"_type":"image-file"},"forward_torso_pitch":0.03661693229029576,"lateral_drift_penalty":0.19191037894537052,"surrogate_loss":-0.010997728910297155,"hip_abduction_penalty":1.6859053283783492e-05,"episode_reward_mean":1.6964271999895573,"energy_penalty":0.0025494562990691825,"value_loss":190.2341752052307,"_wandb":{"runtime":528},"episode_length_mean":1024,"action_noise_std":1.639521598815918,"base_height":0.0006290225398212593,"bird_hip_phase":0.007263166330327901,"_runtime":528.390699152,"orientation_stability":0.2816250541557868,"tracking_ang_vel":0.47181924308339757,"_timestamp":1.7537274815294173e+09,"tracking_lin_vel":0.13780374933655062}