{"rew_gait_phase":0.02063503386452794,"rew_similar_to_default":0,"rew_forward_velocity":0.21557873052855334,"rew_symmetry":0.04963041987890998,"rew_bird_leg_knee_pose":-0.003152134504246836,"rew_knee_hyperextension":0.0011038992738273614,"episode_length_mean":16245.052083333334,"episode_reward_mean":0.04578711212767909,"_timestamp":1.7535571963365502e+09,"surrogate_loss":-0.0013339931169866759,"rew_lin_vel_z":0,"rew_base_height":-0.0021475157196012636,"rew_lateral_drift_penalty":-0.017072453085953992,"rew_survive":0.008425823374030491,"rew_flat_feet":0.009072016249410808,"rew_leg_symmetry":-0.00037302357571509983,"rew_foot_contact_penalty":-0.022558467059085766,"rew_penalize_ankle_height":-0.0049615626999487475,"_wandb":{"runtime":161},"_step":19,"rew_foot_contact_phase_based":0.01543129604930679,"rew_foot_contact_switch":8.575724835585182e-05,"rew_tracking_ang_vel":0,"rew_step_height_consistency":0.008287539620262881,"rew_energy_penalty":-0.06762621762851874,"_runtime":161.135516406,"rew_gait_phased_leg_control":0,"rew_tracking_lin_vel":0,"value_loss":0.09064021916128695,"action_noise_std":0.8698388934135437,"rew_yaw_stability":-0.09220588412135838,"rew_orientation_stability":0,"metrics_plot":{"_type":"image-file","sha256":"c6a3629a50d14a02cf358e54e2447b56d0434213081756e823e8abbe9b34a511","size":106574,"path":"media/images/metrics_plot_0_c6a3629a50d14a02cf35.png","format":"png","width":1600,"height":1200},"rew_action_rate":0,"rew_posture_stability":0.13411028248568377}