{"episode_reward_mean":0.026471862103790045,"rew_bird_knee_posture":0,"value_loss":1.1008322218231115e-06,"_timestamp":1.7537049371341326e+09,"surrogate_loss":0.0004834277683585242,"rew_survive":0,"rew_flat_feet":0,"rew_penalize_hip_aa":0,"_runtime":86.088694513,"_wandb":{"runtime":86},"metrics_plot":{"sha256":"a5cf6f3a5d50f195a406ee6aec1e3f0010c4d67a5c6cca81ade81c1a612656f0","size":84614,"path":"media/images/metrics_plot_0_a5cf6f3a5d50f195a406.png","format":"png","width":1600,"height":1200,"_type":"image-file"},"episode_length_mean":-32768,"_step":3,"action_noise_std":1.1363162994384766}