{"rew_orientation_stability":0,"action_noise_std":0.8603855967521667,"rew_tracking_lin_vel":0,"value_loss":0.08608744875527918,"_timestamp":1.7535538890993235e+09,"_wandb":{"runtime":160},"rew_tracking_ang_vel":0,"rew_lin_vel_z":0,"metrics_plot":{"width":1600,"height":1200,"_type":"image-file","sha256":"42bc128ce7fbbac2cfa476cf320efe8efdd486f1d7ff20dc7bae104c78f27c14","size":113089,"path":"media/images/metrics_plot_0_42bc128ce7fbbac2cfa4.png","format":"png"},"rew_similar_to_default":0,"rew_base_height":-0.0018534465595924606,"episode_reward_mean":0.04640479987331977,"_runtime":160.045998084,"episode_length_mean":16243.072916666666,"rew_survive":0.008221549664934475,"_step":19,"surrogate_loss":-0.006071644645999186,"rew_action_rate":0}