{"rew_penalize_hip_aa":0,"value_loss":1.4386040121290453e-12,"rew_bird_knee_posture":0,"rew_flat_feet":0,"episode_reward_mean":0.0015000001294538379,"_wandb":{"runtime":54},"action_noise_std":1.1798537969589233,"surrogate_loss":0.001102253126802566,"episode_length_mean":-32768,"_runtime":54.718892156,"_step":3,"metrics_plot":{"path":"media/images/metrics_plot_0_1414a1098fbbc7317b1c.png","format":"png","width":1600,"height":1200,"_type":"image-file","sha256":"1414a1098fbbc7317b1cee8b1e1bac77e2b77077fe907651564ce6eb598a58c6","size":85366},"_timestamp":1.7537018294106677e+09,"rew_survive":0}