{"_step":38,"metrics_plot":{"height":1200,"_type":"image-file","sha256":"796d88cee990ff6af6cd8fe141843146827358e2ab94c97335e6c26a3419ed1a","size":114651,"path":"media/images/metrics_plot_0_796d88cee990ff6af6cd.png","format":"png","width":1600},"rew_leg_symmetry":-0.0036050085618626326,"action_noise_std":0.6939529180526733,"rew_lateral_drift_penalty":-0.04809139668941498,"rew_yaw_stability":-0.10219340088466804,"rew_foot_contact_penalty":-0.036839043845733006,"rew_foot_contact_switch":0.00017426413663391331,"rew_gait_phase":0.039231844091167055,"rew_survive":0.015482641787578666,"rew_penalize_hip_aa":-0.039189900457859035,"rew_flat_feet":0.002840870153158903,"surrogate_loss":-0.0020968760501318684,"rew_bird_knee_posture":-0.008922068402171135,"rew_penalize_ankle_height":-0.008981959195807576,"rew_symmetry":0.09178494674464066,"rew_knee_hyperextension":0,"episode_length_mean":16310.677083333334,"rew_action_rate":0,"rew_base_height":-0.0013492330152075737,"rew_gait_phased_leg_control":0,"rew_posture_stability":0.25873062014579773,"_wandb":{"runtime":307},"rew_tracking_ang_vel":0,"value_loss":0.04558876249939203,"episode_reward_mean":0.04144344358549764,"rew_similar_to_default":0,"_timestamp":1.7535695755279431e+09,"rew_tracking_lin_vel":0,"rew_forward_velocity":0.2926734340687593,"rew_step_height_consistency":0.014731917250901462,"rew_orientation_stability":0,"rew_lin_vel_z":0,"_runtime":307.940497155,"rew_energy_penalty":-0.08914657440036534,"rew_foot_contact_phase_based":0.032486800632129116}