{"rew_bird_leg_knee_pose":-0.10894437711685896,"rew_orientation_stability":0,"rew_tracking_ang_vel":0,"rew_action_rate":0,"rew_foot_contact_switch":0.010636781187107166,"rew_gait_phased_leg_control":0,"episode_length_mean":16371.46875,"rew_posture_stability":2.8809302846590676,"rew_lateral_drift_penalty":-0.11759015259643396,"rew_foot_contact_phase_based":0.4301931517819564,"surrogate_loss":6.510812596616233e-05,"rew_tracking_lin_vel":0,"rew_flat_feet":0.07465971857309343,"rew_similar_to_default":0,"rew_forward_velocity":4.481609153747559,"rew_survive":0.14901941046118738,"rew_step_height_consistency":0.10438023184736571,"metrics_plot":{"size":190275,"path":"media/images/metrics_plot_300_bb1f47f235da7d987360.png","format":"png","width":1600,"height":1200,"_type":"image-file","sha256":"bb1f47f235da7d98736095789432bd6f7277d2343834d209f71a6c6502409b1c"},"rew_foot_contact_penalty":-0.09046579698721569,"_wandb":{"runtime":2586},"rew_leg_symmetry":-0.027885537159939605,"_timestamp":1.7535615925565138e+09,"rew_symmetry":0.920407057305177,"rew_yaw_stability":-0.5764406258861223,"value_loss":0.07337554614059627,"rew_gait_phase":0.39217949906984967,"rew_energy_penalty":-1.0885792156060536,"rew_lin_vel_z":0,"_runtime":2586.473477496,"episode_reward_mean":0.07273300744903584,"_step":398,"action_noise_std":0.8270971775054932,"rew_knee_hyperextension":0.05569033970435461,"rew_base_height":-0.1250181831419468,"rew_penalize_ankle_height":-0.0870144469042619}