{"_wandb":{"runtime":165},"_step":1,"episode_length_mean":16384,"_timestamp":1.753709911129817e+09,"surrogate_loss":0.021957994169497397,"rew_penalize_hip_aa":0,"rew_survive":0,"metrics_plot":{"width":1600,"height":1200,"_type":"image-file","sha256":"05982c1eece8dcb9511b785c6550e5c942d1e063782fca66ec7569c2e675ef92","size":87456,"path":"media/images/metrics_plot_0_05982c1eece8dcb9511b.png","format":"png"},"episode_reward_mean":0.018075270820797112,"rew_bird_knee_posture":0,"value_loss":0.02304222693783231,"rew_flat_feet":0,"_runtime":165.61017122,"action_noise_std":1.0307307243347168}