{"surrogate_loss":0.0009751603911354323,"_step":3,"rew_penalize_hip_aa":0,"action_noise_std":1.1294002532958984,"_timestamp":1.75370428863128e+09,"rew_survive":0,"value_loss":3.224787624434011e-10,"_runtime":57.579072669,"rew_bird_knee_posture":0,"metrics_plot":{"width":1600,"height":1200,"_type":"image-file","sha256":"2f74b22008b54bb84fa49022ef6158acc232d1fcb0f28a48941f9716250c57c9","size":80763,"path":"media/images/metrics_plot_0_2f74b22008b54bb84fa4.png","format":"png"},"episode_length_mean":-32768,"episode_reward_mean":0.02560063909428815,"_wandb":{"runtime":57},"rew_flat_feet":0}