{"_wandb":{"runtime":219},"rew_survive":0,"_timestamp":1.753710400439957e+09,"metrics_plot":{"sha256":"246d1896bf86f3bf7422495408a88eb35a2355027d1ed5c98448bfd367fb8a02","size":87343,"path":"media/images/metrics_plot_0_246d1896bf86f3bf7422.png","format":"png","width":1600,"height":1200,"_type":"image-file"},"episode_length_mean":16384,"action_noise_std":1.0345206260681152,"rew_penalize_hip_aa":0,"rew_bird_knee_posture":0,"_runtime":219.951194473,"value_loss":0.018772385566990124,"rew_flat_feet":0,"_step":5,"episode_reward_mean":8.671191131052561e-07,"surrogate_loss":0.007928629073830962}