{"metrics_plot":{"width":1600,"height":1200,"_type":"image-file","sha256":"86deb4761913e021dcce22b29ea9c7917c0c8009e69a1f74c8fb9b1dee56d964","size":114896,"path":"media/images/metrics_plot_0_86deb4761913e021dcce.png","format":"png"},"action_noise_std":0.8642813563346863,"episode_length_mean":16239.90625,"rew_orientation_stability":0,"rew_bird_leg_knee_pose":-0.002357245572299386,"rew_leg_symmetry":-0.00022385114680218974,"_step":19,"rew_foot_contact_switch":7.878598174405247e-05,"rew_lin_vel_z":0,"rew_step_height_consistency":0.007678704600160321,"rew_yaw_stability":-0.08443760660787424,"rew_survive":0.00801010022405535,"rew_flat_feet":0.007969080144539476,"_timestamp":1.7535574507803004e+09,"rew_penalize_ankle_height":-0.0047878160257823765,"rew_forward_velocity":0.19778476692736147,"value_loss":0.09488886035978794,"rew_gait_phase":0.019306383499254783,"rew_tracking_lin_vel":0,"rew_gait_phased_leg_control":0,"rew_lateral_drift_penalty":-0.01561269328619043,"_wandb":{"runtime":159},"rew_foot_contact_phase_based":0.014832824266826113,"rew_tracking_ang_vel":0,"rew_action_rate":0,"rew_foot_contact_penalty":-0.02062554908916354,"rew_knee_hyperextension":0.0007672913969145157,"rew_base_height":-0.0016781176935182884,"rew_similar_to_default":0,"rew_posture_stability":0.12546744892994563,"rew_symmetry":0.04730686473970613,"surrogate_loss":-0.00272189200950379,"rew_energy_penalty":-0.06355578086028496,"_runtime":159.069788957,"episode_reward_mean":0.04525594739243388}