{"action_noise_std":0.8658062815666199,"rew_lin_vel_z":0,"rew_foot_contact_phase_based":0.015389659674838185,"rew_posture_stability":0.13305717930197716,"rew_gait_phased_leg_control":0,"rew_symmetry":0.04977300722772876,"rew_tracking_lin_vel":0,"rew_forward_velocity":0.21034177839756016,"rew_action_rate":0,"rew_gait_phase":0.020494987629354002,"_runtime":160.630268534,"rew_penalize_ankle_height":-0.004996983885454635,"rew_tracking_ang_vel":0,"rew_flat_feet":0.0077834307836989565,"rew_energy_penalty":-0.06771146518488724,"surrogate_loss":-0.0016194209001696436,"rew_similar_to_default":0,"rew_step_height_consistency":0.008312981754230956,"episode_length_mean":16246.677083333334,"rew_bird_leg_knee_pose":-0.0029214827110990876,"_step":19,"rew_leg_symmetry":-0.0002498180527860919,"rew_orientation_stability":0,"rew_knee_hyperextension":0.0007850594978663139,"rew_yaw_stability":-0.09028723997374377,"rew_survive":0.008482170190351704,"episode_reward_mean":0.04499756533186883,"_wandb":{"runtime":160},"rew_base_height":-0.0017398324145081762,"metrics_plot":{"height":1200,"_type":"image-file","sha256":"c8dd2d41f80b6d0e38fc24e25f9248cf4b64e5b51fcef843ead0e2da559b7211","size":107129,"path":"media/images/metrics_plot_0_c8dd2d41f80b6d0e38fc.png","format":"png","width":1600},"rew_foot_contact_penalty":-0.021839212269211806,"rew_lateral_drift_penalty":-0.016630030159528058,"_timestamp":1.7535552475528052e+09,"rew_foot_contact_switch":0.00010423725749812245,"value_loss":0.09130118740722537}