{"episode_length_mean":16087.84375,"_timestamp":1.7535587356293516e+09,"_wandb":{"runtime":36},"rew_knee_hyperextension":0.0002901898490866491,"rew_gait_phase":0.01183679107731829,"rew_forward_velocity":0.08586238442609707,"_step":1,"rew_lin_vel_z":0,"rew_foot_contact_switch":4.059649797151603e-05,"rew_bird_leg_knee_pose":-0.001907376756813998,"rew_lateral_drift_penalty":-0.0052349524611296746,"rew_tracking_ang_vel":0,"rew_posture_stability":0.050021857737253116,"rew_energy_penalty":-0.04675405820210774,"rew_survive":0.004457705173020562,"rew_step_height_consistency":0.0041819070659888284,"rew_foot_contact_penalty":-0.018149291832620897,"episode_reward_mean":-0.0020034464168929844,"rew_similar_to_default":0,"rew_action_rate":0,"rew_penalize_ankle_height":-0.0028648965409956875,"rew_foot_contact_phase_based":0.005539833408935616,"rew_leg_symmetry":-0.00026090419826990305,"rew_gait_phased_leg_control":0,"action_noise_std":0.9926620721817017,"rew_yaw_stability":-0.12767837196588516,"metrics_plot":{"size":108249,"path":"media/images/metrics_plot_0_d51c08499adebe24e53e.png","format":"png","width":1600,"height":1200,"_type":"image-file","sha256":"d51c08499adebe24e53e88463646f174e0c03931f84302e3216b4101139b80bb"},"surrogate_loss":-0.003090456220888882,"rew_flat_feet":0.007409041646557549,"rew_base_height":-0.0008785081450090122,"rew_orientation_stability":0,"value_loss":0.13649962656199932,"_runtime":36.893719992,"rew_symmetry":0.025346434907987714,"rew_tracking_lin_vel":0}